{
    "pets": [
      { "id": 1,
        "nome": "Yoshi",
        "nomeDono": "Victor",
        "idade": 7,
        "tipo": "Cachorro",
        "raca": "Akita Inu",
        "peso": 40,
        "genero": "Macho",
        "cor": "ruivo",
        "vacinado": true
      },
      { 
        "id": 2,
        "nome": "Pituco",
        "nomeDono": "Victor",
        "idade": 2,
        "tipo": "ave",
        "raca": "Calopsita",
        "peso": 0.5,
        "genero": "Macho",
        "cor": "cinza",
        "vacinado": true
      },
      {
        "id": 3, 
        "nome": "Pitty",
        "nomeDono": "Rose",
        "idade": 2,
        "tipo": "ave",
        "raca": "Agapornis",
        "peso": 0.5,
        "genero": "Fêmea",
        "cor": "verde",
        "vacinado": true
      },
      {
        "id": 4, 
        "nome": "Bixano",
        "nomeDono": "Rose",
        "idade": 10,
        "tipo": "Cachorro",
        "raca": "PastorAlemão",
        "peso": 0.5,
        "genero": "Fêmea",
        "cor": "Amarelo",
        "vacinado": true
      }
    ]
  }